user,age,goal,city
Hortense Dupont,44,weight_loss,Ledoux
Michelle Gomez,44,endurance,Normand
Josette Le Moreau,27,weight_loss,Georges
Étienne Fleury Le Duval,36,endurance,Costa-sur-Nicolas
Anastasie Toussaint,51,weight_loss,Boulay-les-Bains
Margot Vaillant,32,weight_loss,Sainte GilbertBourg
Éléonore Lévy,22,endurance,Laineboeuf
Adrienne Lemoine,55,strength,Laurent
Timothée Coste,49,strength,Pottiernec
Christiane Besnard,55,strength,Mercier-la-Forêt
Michèle Morel-Bonneau,39,endurance,Roussel
Timothée Gay,28,endurance,Buisson
Joséphine Munoz,50,endurance,Blanc-sur-Legrand
Geneviève-Anne Legendre,35,endurance,Gautier
Zoé Faure,34,weight_loss,Cordierdan
Jeanne Fernandes du Lecoq,45,strength,HamonBourg
Cécile-Clémence Alves,53,weight_loss,RaynaudVille
Philippe-Alain Duhamel,31,weight_loss,Lagarde-sur-Merle
Julien Fernandes,29,endurance,Sainte Rémy
Aurélie de la Samson,48,strength,Duranddan
Luce-Adélaïde Letellier,29,endurance,Saint Grégoire
Agnès Chartier,27,weight_loss,Schmitt
Thierry Durand,45,strength,Le Gall
Emmanuel Aubry,25,weight_loss,Martin
Gérard de la Perrin,48,endurance,Pagesdan
Théophile Bodin,29,weight_loss,GuyonVille
Bernadette du Normand,36,endurance,RamosVille
Michelle Ruiz Le Gérard,38,strength,Saint ArnaudeBourg
Grégoire du Joubert,33,weight_loss,Brunet
Margaud Hernandez de Weiss,36,weight_loss,MoreauBourg
Raymond Valentin,20,strength,Bernier
Eugène du Marion,40,strength,Diaz
Charles du Chauvin,50,weight_loss,Pinto-les-Bains
Josette-Adrienne Rivière,24,weight_loss,Ledoux
Anaïs Rodrigues,32,endurance,Bouvet-les-Bains
Zoé Blondel,26,endurance,Sainte Rémydan
Thibault Lemaire,43,endurance,Sainte Clémencedan
Valérie Charpentier,35,strength,Sainte ValentineVille
Roger Auger,53,endurance,Jacques
Véronique Lévy,49,weight_loss,Klein
Nicole-Hortense Leconte,35,endurance,Jean
William de la Foucher,39,strength,Voisin
François Leconte Le Dupuy,44,strength,Moulin
Vincent Pottier,24,endurance,Ferrand
Odette Peltier,25,endurance,Marques
Dominique Vallet,25,weight_loss,Saint Astrid
Joseph Normand,20,weight_loss,Sainte Léon-sur-Mer
Théodore Guichard du Devaux,49,strength,Albert
Christiane Baudry de la Faure,42,weight_loss,Saint NicolasVille
Sébastien Bernier,27,endurance,Fernandes
Grégoire Gomez,52,strength,Chauveau
Paul Roche-Julien,43,weight_loss,Saint Nathalie
Tristan Roger,29,strength,Bourdon
Antoine Lesage,33,strength,Bousquet
Hugues de Ferrand,24,endurance,Navarro
Léon Lemaire,28,strength,Olivier
Renée Leconte,27,endurance,Sainte Michèle-les-Bains
Thibaut Boyer du Bouchet,44,weight_loss,PierreBourg
Alfred du Charpentier,39,strength,Maréchal-sur-Ramos
Charlotte Riou,50,strength,Evrard
Théophile Neveu,38,endurance,Sainte Amélie-sur-Mer
Thibaut de Chrétien,44,weight_loss,Lévy-la-Forêt
Madeleine Le Pineau,30,endurance,Dias
Paul Clément,34,strength,Denisnec
Denise-Aimée Maillard,46,endurance,Saint Camille
Antoinette-Michelle Pineau,24,endurance,Marchal
Susanne de la Gonzalez,45,endurance,Riou
Isaac-Antoine Guyon,39,weight_loss,Martel-sur-Mer
Isaac-Antoine Guyon,37,weight_loss,Martel-sur-Mer
Anne Leroux-Andre,50,endurance,Courtoisnec
Aimé Thibault,26,strength,Noël
Émile-Aimé Carlier,35,endurance,Bailly
Nathalie Leleu,30,weight_loss,Fontaine
Gabriel Dos Santos,48,endurance,LemaîtreBourg
Éric-Luc Lopes,24,endurance,Saint Alfred
Timothée Royer,55,endurance,Robert
François-Théodore Texier,46,strength,FerreiraBourg
Henri Le Bruneau,43,strength,Jacques
Martin Roger,25,strength,Devaux
Anne Vallet-Diallo,33,endurance,Brun
Océane Legrand,39,strength,Sainte Clémence
Claude de Dufour,47,endurance,Saint Michel
Anaïs Dias,28,weight_loss,Collet
Monique Chauvin-Chauvin,26,endurance,Bessonboeuf
Adèle Ledoux,53,weight_loss,Clémentboeuf
Célina de la Marie,53,endurance,Bertinnec
Henriette Bruneau Le Traore,55,endurance,Louisdan
Charles De Sousa,29,endurance,Mercier
Christophe de David,52,strength,Mahedan
Andrée Nicolas,29,endurance,Grenier
Sophie Guillon-Neveu,49,endurance,Sainte Arthur-sur-Mer
Georges Pierre,26,strength,Mendès-la-Forêt
Denis Colas-Navarro,33,strength,Gay
David Cousin,43,strength,Guyot
Odette Muller,39,strength,Lebrun
Raymond Baron,42,endurance,Raymond
Jean Berger,36,endurance,Blin-sur-Vasseur
Cécile Lagarde,39,weight_loss,Schmitt-sur-Menard
Louis Perret,39,weight_loss,Robert
Virginie Berthelot de Da Costa,50,weight_loss,Munoz-sur-Mer
Xavier Louis,27,strength,Danielboeuf
Paulette Bouvier,48,strength,Lejeune-sur-Dufour
Gilbert Lamy du Buisson,35,endurance,DanielVille
Rémy Vasseur,21,endurance,Tanguy-sur-Mer
Madeleine Gérard-Costa,33,weight_loss,Pascal
William Rey,22,endurance,Saint Alphonse
Aimée Chauvin,45,weight_loss,Jean
Aimée Menard,53,weight_loss,Bonnet
Laurence Chrétien,25,endurance,Blanchard
Nicolas Diallo,55,weight_loss,LebonBourg
Élise Lemaître,21,endurance,Lévydan
Diane Grégoire Le Brunet,37,endurance,Besson-la-Forêt
Dorothée Neveu,30,endurance,Gomes-la-Forêt
Gilbert Camus,35,endurance,Antoinenec
Émilie Huet,54,strength,Lelièvre
Hugues Guyot,32,weight_loss,Sainte Éric
Claudine Roger,28,strength,RoussetVille
Margot de Besnard,28,strength,Meyer
Susanne-Stéphanie Moulin,24,endurance,Sainte Paulette
Clémence Collin,21,weight_loss,Langlois
Diane-Aimée Étienne,43,endurance,Breton
Diane-Aimée Étienne,37,endurance,Breton
Théodore Roger,33,endurance,Saint Adrienne-les-Bains
Théodore Roger,37,endurance,Saint Adrienne-les-Bains
Célina Berger,54,strength,Besnard-sur-Mer
Maggie Pages,41,endurance,Rey
Victoire Roux de Gallet,38,endurance,Sainte Audrey
Michelle-Constance Riou,40,endurance,Didier
Dorothée-Simone Barbier,43,weight_loss,Sainte Thérèse
Émile Gimenez,52,weight_loss,Roy-sur-Mer
Eugène Jacob,43,endurance,Sainte Monique-sur-Mer
Nicolas Étienne,37,endurance,BertrandVille
Benjamin du Petit,25,endurance,Rousseauboeuf
Théophile Klein,42,weight_loss,Lecoq-sur-Collin
Julien Caron,47,weight_loss,Cordier
Lucas Le Turpin,34,strength,Lévy
Maggie Simon,47,strength,Sainte Pénélope
Étienne Le Giraud,29,weight_loss,Schmitt
Daniel Fernandes-Grondin,33,weight_loss,Saint Anastasie-les-Bains
Michelle Gallet,29,endurance,Guillot-sur-Deschamps
Antoine Charpentier,47,endurance,Didier
Monique Clément,47,strength,JolyVille
Charles-Laurent François,55,endurance,Chauveau
Emmanuel Legrand,50,strength,Paris-sur-Blondel
Mathilde Laroche,55,endurance,Cordier-sur-Benoit
Stéphane Laurent,25,weight_loss,Millet
Hugues de la Blin,23,weight_loss,Charpentier-les-Bains
Émile Hoareau,26,endurance,Léger-sur-Boucher
Patrick Guichard de la Pires,52,strength,Berger-les-Bains
Théophile Rousset,53,endurance,Bertrand
Alexandre Martin de Dias,24,strength,Chauvetdan
Victor-Olivier Le Roux,27,endurance,BarbierBourg
Lucas Ramos,43,endurance,Pottier
Édith Regnier,35,weight_loss,Traore
Renée Martinez,28,endurance,Loiseau
Théodore Morel,23,weight_loss,Mary
Sophie Perrier,35,weight_loss,Maury-la-Forêt
Sophie Perrier,37,weight_loss,Maury-la-Forêt
Richard Rocher-Joubert,48,endurance,Buisson
Grégoire Payet,54,weight_loss,Lopez-sur-Richard
Nathalie Faivre de Dijoux,34,endurance,Goncalves
Jacqueline Delorme,44,strength,Sainte David
Chantal Fournier,42,weight_loss,Saint Andrée
Joseph Olivier,30,weight_loss,RenaudBourg
Alfred Meunier du Martins,35,weight_loss,Pineau
Diane Durand,31,weight_loss,Noël
Colette-Inès Gautier,26,strength,HernandezBourg
Céline Duhamel du Blanchet,26,weight_loss,Peltier
Vincent de la Ramos,37,strength,Sainte Yves
Caroline Guichard,20,weight_loss,Boucher
Margaret Lemaire de Albert,44,weight_loss,Sainte Simone
Luc Camus,26,weight_loss,Jacques
Sébastien du Petitjean,27,strength,Daniel-sur-Gaudin
Audrey-Patricia Costa,38,strength,Bernard
Vincent Boulay-Rossi,33,strength,Breton
Lucy Loiseau,23,strength,Collet-sur-Bouvier
Marguerite Royer,52,endurance,Saint Susanne
Raymond Guyot,46,weight_loss,Pottier
Christelle Colin-Dufour,47,strength,François-sur-Berger
Jacques-Antoine Maillet,46,weight_loss,Vidal
Odette Jacquet-Aubry,51,strength,Auger-sur-Petitjean
Martin Poulain,32,weight_loss,Becker
Amélie Leroux,28,endurance,Legros
Paulette Martel,48,weight_loss,Saint Émile
Zacharie Cousin,31,strength,Saint Martineboeuf
Maurice Collin,44,endurance,Brunelboeuf
Auguste Pires,40,strength,Letellier
Arnaude Meyer,45,endurance,Toussaint-les-Bains
Frédéric du Pinto,29,weight_loss,Lecoq
Olivie Weiss,53,weight_loss,Noël
Jean Le Allard,47,weight_loss,Perrier-les-Bains
Tristan Alexandre-Bouvier,32,weight_loss,Coulon-sur-Peltier
William du Lejeune,37,weight_loss,Lévêque-sur-Couturier
Mathilde du Martel,51,endurance,DidierBourg
Mathilde du Martel,37,endurance,DidierBourg
Benoît Rey,21,weight_loss,Rolland
Brigitte Boyer,22,endurance,Launay-la-Forêt
Isabelle Sauvage,29,strength,Poirier
Valérie Gallet,35,weight_loss,Le Galldan
Danielle Andre,50,weight_loss,Voisin-sur-Mer
Simone Fournier,38,endurance,Hernandez
Pierre Weber-Benoit,21,strength,Chevalier-sur-Raynaud
Adélaïde Caron de Delannoy,21,endurance,Sainte CamilleBourg
Claudine Barthelemy,27,strength,Bègue
Constance Chevallier-Richard,53,weight_loss,Schmittnec
Nath Merle,22,strength,Barthelemy
Georges Marie Le Le Goff,46,weight_loss,Chauvet-sur-Vallée
Louis Monnier-Legrand,38,strength,Seguin-les-Bains
Charles de Dupré,38,weight_loss,LemoineBourg
René Mace de la Aubry,46,weight_loss,Royer
Emmanuel Moreau-Guillot,26,endurance,GayBourg
Gilles Le Teixeira,21,weight_loss,Blancnec
Nath Roy,54,endurance,Garnier
Jacqueline Leleu-Fernandes,29,strength,Gallet
Marthe Da Silva,50,endurance,Valetteboeuf
Caroline Legendre,32,weight_loss,David-sur-Mer
Jérôme Maillard,37,endurance,Muller-la-Forêt
Gabriel Vallée de la Boyer,53,weight_loss,Saint Patrick-la-Forêt
Louis-Victor Hamon,21,strength,Jacquot
Antoinette-Élodie Blin,39,endurance,Fischer-la-Forêt
Mathilde Collin,37,endurance,Vidal-les-Bains
Charles de la Delmas,35,endurance,Dubois-sur-Mer
Camille Roux-Leclercq,53,endurance,Poirier
Adèle Lecomte,55,endurance,SimonBourg
Alain Da Silva,46,weight_loss,Sainte Josette
Astrid Gautier,21,endurance,Sainte Élise-la-Forêt
Jean-Bertrand Thierry,26,endurance,Petitjeannec
Alice Thierry,29,endurance,Devaux
Nicolas Chrétien,20,strength,Rocher
Paul de la Briand,34,weight_loss,Lefebvrenec
Claire-Margaux Chevalier,34,weight_loss,Valentin
Virginie Blin,49,weight_loss,CousinBourg
Thomas Maury,43,weight_loss,Delormedan
Aimé Chauveau,20,strength,Sainte HonoréBourg
Guillaume Marin-Leduc,36,endurance,Gilbert
Hortense Lenoir Le Weiss,35,strength,Sainte Grégoire-sur-Mer
Nathalie Moulin,34,strength,Sainte Dominique
Eugène Potier-Aubert,22,endurance,Augerdan
Alex Couturier,42,strength,Rousseau
Vincent Charles,45,endurance,Leleu
Daniel Guyot du Perez,24,endurance,Rousset
Céline Simon du Dufour,37,weight_loss,Bertrand
Thierry-Vincent Bertrand,33,strength,Bailly
Constance Philippe,30,endurance,Delaunay
Julie Albert,54,endurance,Maury-sur-Legendre
Alain Baudry de Benoit,27,strength,Laine
Tristan Le Gall,43,weight_loss,Bertrand
Augustin Le Prévost,53,strength,Guilbert
Margot Bouvier,46,strength,Martin
Lucy Lenoir,51,weight_loss,Saint GenevièveBourg
Yves Colin,41,endurance,Sainte Valentine
Thibaut Guyot,42,endurance,RiouVille
Élise Laporte,23,endurance,Perrier
Lucie Moulin,45,strength,PereiraBourg
Victor Étienne,33,endurance,Peltier-sur-Bernier
Arnaude Thibault,21,endurance,Lacroix
Pénélope Lacombe,49,strength,Hervédan
Alain Martineau du Lebon,44,endurance,Schmitt-les-Bains
Denis de la Bertrand,52,weight_loss,PicardBourg
Denis de la Bertrand,37,weight_loss,PicardBourg
Susanne Lévêque,50,strength,Andre-la-Forêt
Madeleine Gautier,31,weight_loss,Mahe
Alexandrie Allard,31,weight_loss,Gaillardboeuf
Thibaut Gautier de la Chevalier,48,weight_loss,Torres-sur-Mer
Michel Guichard,23,strength,Sainte LéonVille
Chantal Lebrun,45,weight_loss,LemaireVille
Denis du Benoit,55,endurance,Jourdan
Jérôme Lebreton,37,weight_loss,Sainte Thomas-la-Forêt
Lucas-Augustin Diallo,52,endurance,Renard-sur-Wagner
Monique Dumont-Huet,28,endurance,Saint MartheVille
Antoine Alves,33,strength,Saint Célina
Antoinette Cousin,23,strength,Sainte DominiqueBourg
Isabelle Hamon,47,strength,Rousseau
Vincent Jacob,31,weight_loss,Saint Adriennedan
Luce Clément,51,endurance,Germain-sur-Mer
Emmanuel Marchal,31,weight_loss,Letellier
Hélène Gilles,43,strength,Barondan
Chantal Louis-Lefèvre,29,weight_loss,Carre
Monique Gilbert,51,strength,Merle
Isabelle Lemonnier,28,endurance,Baudry
Laurent de la Letellier,38,weight_loss,Sainte Gilbert
Patricia Cohen-Bertrand,41,endurance,Foucher-sur-Rousset
Camille Boyer,43,weight_loss,De Sousa
Guy-Gilbert Robert,53,endurance,Marie
Michelle Gallet-Blanchet,49,endurance,Teixeira-la-Forêt
Michelle Gallet-Blanchet,37,endurance,Teixeira-la-Forêt
Daniel de Renault,49,strength,Saint Catherine-sur-Mer
Jules Tessier,27,endurance,Sainte Lucas
Anaïs Le Lemaire,53,endurance,Barbe
Danielle Delattre Le Couturier,30,weight_loss,Chrétiennec
Margot Faure,34,weight_loss,Guibert
Frédérique Laine,32,endurance,Gaillard
Bernadette-Claudine Ribeiro,44,weight_loss,Saint Thibaut
Renée Leclercq,40,strength,Saint AiméeVille
Michelle Le Bonneau,54,strength,Neveu-sur-Lopez
Michelle Navarro,30,endurance,Mahe
Émilie Raymond,41,strength,Saint Martin-sur-Mer
Aimé Millet,52,endurance,Sainte Margot-la-Forêt
Maryse Mercier,21,endurance,Courtois
Alexandrie Cordier,54,weight_loss,Lombard
Augustin Couturier,26,endurance,Lefebvre-les-Bains
Théophile Navarro,27,strength,Gomes-sur-Marie
François Le Roux,32,endurance,Faure
Frédérique Fernandes,27,weight_loss,BernierBourg
Jeanne Payet du Buisson,54,strength,Vincent
Thibaut Aubert,30,endurance,Mary
Claude Laurent,23,weight_loss,Sainte André
